id,label
145,0.5066173076629639
211,0.507331132888794
162,0.507186233997345
200,0.5072111487388611
210,0.5072869658470154
224,0.5073639750480652
213,0.5074760913848877
109,0.5068520903587341
15,0.5072462558746338
167,0.5072925090789795
